month,cpi,oil_nominal,gas_nominal,diesel_nominal
January 1974,0.4680000000,9.5900000000,,
February 1974,0.4730000000,12.4500000000,,
March 1974,0.4780000000,12.7300000000,,
April 1974,0.4810000000,12.7200000000,,
May 1974,0.4860000000,13.0200000000,,
June 1974,0.4900000000,13.0600000000,,
July 1974,0.4930000000,12.7500000000,,
August 1974,0.4990000000,12.6800000000,,
September 1974,0.5060000000,12.5300000000,,
October 1974,0.5100000000,12.4400000000,,
November 1974,0.5150000000,12.5300000000,,
December 1974,0.5190000000,12.8200000000,,
January 1975,0.5230000000,12.7700000000,,
February 1975,0.5260000000,13.0500000000,,
March 1975,0.5280000000,13.2800000000,,
April 1975,0.5300000000,13.2600000000,,
May 1975,0.5310000000,13.2700000000,,
June 1975,0.5350000000,14.1500000000,,
July 1975,0.5400000000,14.0300000000,,
August 1975,0.5420000000,14.2500000000,,
September 1975,0.5460000000,14.0400000000,,
October 1975,0.5490000000,14.6600000000,,
November 1975,0.5530000000,15.0400000000,,
December 1975,0.5560000000,14.8100000000,,
January 1976,0.5580000000,13.2700000000,0.6050000000,
February 1976,0.5590000000,13.2600000000,0.6000000000,
March 1976,0.5600000000,13.5100000000,0.5940000000,
April 1976,0.5610000000,13.3900000000,0.5920000000,
May 1976,0.5640000000,13.4100000000,0.6000000000,
June 1976,0.5670000000,13.4800000000,0.6160000000,
July 1976,0.5700000000,13.5100000000,0.6230000000,
August 1976,0.5730000000,13.5800000000,0.6280000000,
September 1976,0.5760000000,13.4700000000,0.6300000000,
October 1976,0.5790000000,13.4900000000,0.6290000000,
November 1976,0.5810000000,13.5800000000,0.6290000000,
December 1976,0.5840000000,13.7100000000,0.6260000000,
January 1977,0.5870000000,14.1100000000,0.6270000000,
February 1977,0.5930000000,14.5000000000,0.6370000000,
March 1977,0.5960000000,14.5400000000,0.6430000000,
April 1977,0.6000000000,14.3600000000,0.6510000000,
May 1977,0.6020000000,14.6200000000,0.6590000000,
June 1977,0.6050000000,14.6300000000,0.6650000000,
July 1977,0.6080000000,14.4400000000,0.6670000000,
August 1977,0.6110000000,14.6800000000,0.6670000000,
September 1977,0.6130000000,14.5000000000,0.6660000000,
October 1977,0.6160000000,14.5600000000,0.6650000000,
November 1977,0.6200000000,14.6100000000,0.6640000000,
December 1977,0.6230000000,14.7600000000,0.6650000000,
January 1978,0.6270000000,14.5200000000,0.6480000000,
February 1978,0.6300000000,14.4100000000,0.6470000000,
March 1978,0.6340000000,14.5700000000,0.6470000000,
April 1978,0.6390000000,14.4000000000,0.6490000000,
May 1978,0.6450000000,14.5100000000,0.6550000000,
June 1978,0.6500000000,14.5400000000,0.6630000000,
July 1978,0.6550000000,14.4900000000,0.6740000000,
August 1978,0.6590000000,14.4600000000,0.6820000000,
September 1978,0.6650000000,14.5300000000,0.6880000000,
October 1978,0.6710000000,14.6300000000,0.6900000000,
November 1978,0.6750000000,14.7400000000,0.6950000000,
December 1978,0.6790000000,14.9400000000,0.7050000000,
January 1979,0.6850000000,15.5000000000,0.7160000000,0.6050000000
February 1979,0.6920000000,15.8800000000,0.7300000000,0.6300000000
March 1979,0.6990000000,16.4100000000,0.7550000000,0.6480000000
April 1979,0.7060000000,17.5800000000,0.8020000000,0.6750000000
May 1979,0.7140000000,19.0000000000,0.8440000000,0.7310000000
June 1979,0.7220000000,21.0300000000,0.9010000000,0.8180000000
July 1979,0.7300000000,23.0900000000,0.9490000000,0.8560000000
August 1979,0.7370000000,23.9800000000,0.9880000000,0.8900000000
September 1979,0.7440000000,25.0600000000,1.0200000000,0.8950000000
October 1979,0.7520000000,25.0500000000,1.0280000000,0.9190000000
November 1979,0.7600000000,27.0200000000,1.0410000000,0.9350000000
December 1979,0.7690000000,28.9100000000,1.0650000000,0.9830000000
January 1980,0.7800000000,30.7500000000,1.1310000000,0.9970000000
February 1980,0.7900000000,32.4000000000,1.2070000000,1.0190000000
March 1980,0.8010000000,33.4200000000,1.2520000000,1.0470000000
April 1980,0.8090000000,33.5400000000,1.2640000000,1.0490000000
May 1980,0.8170000000,34.3300000000,1.2660000000,1.0480000000
June 1980,0.8250000000,34.4800000000,1.2690000000,1.0540000000
July 1980,0.8260000000,34.5100000000,1.2710000000,1.0430000000
August 1980,0.8320000000,34.4400000000,1.2670000000,1.0380000000
September 1980,0.8390000000,34.4600000000,1.2570000000,1.0410000000
October 1980,0.8470000000,34.6300000000,1.2500000000,1.0300000000
November 1980,0.8560000000,35.0900000000,1.2500000000,1.0630000000
December 1980,0.8640000000,35.6300000000,1.2580000000,1.1000000000
January 1981,0.8720000000,38.8500000000,1.2980000000,1.1440000000
February 1981,0.8800000000,39.0000000000,1.3820000000,1.1900000000
March 1981,0.8860000000,38.3100000000,1.4170000000,1.2170000000
April 1981,0.8910000000,38.4100000000,1.4120000000,1.2060000000
May 1981,0.8970000000,37.8400000000,1.4000000000,1.1980000000
June 1981,0.9050000000,37.0300000000,1.3910000000,1.1940000000
July 1981,0.9150000000,36.5800000000,1.3820000000,1.1650000000
August 1981,0.9220000000,35.8200000000,1.3760000000,1.1880000000
September 1981,0.9310000000,35.4400000000,1.3760000000,1.1830000000
October 1981,0.9340000000,35.4300000000,1.3710000000,1.1840000000
November 1981,0.9380000000,36.2100000000,1.3690000000,1.1860000000
December 1981,0.9410000000,35.9500000000,1.3650000000,1.1950000000
January 1982,0.9440000000,35.5400000000,1.3125600000,1.1960000000
February 1982,0.9470000000,35.4800000000,1.2909800000,1.1690000000
March 1982,0.9470000000,34.0700000000,1.2479700000,1.1170000000
April 1982,0.9500000000,32.8200000000,1.1973200000,1.0980000000
May 1982,0.9590000000,32.7800000000,1.2080900000,1.1140000000
June 1982,0.9700000000,33.7900000000,1.2765600000,1.1650000000
July 1982,0.9750000000,33.4400000000,1.2959300000,1.1550000000
August 1982,0.9770000000,32.9500000000,1.2895700000,1.1390000000
September 1982,0.9770000000,33.0300000000,1.2700200000,1.1500000000
October 1982,0.9810000000,33.2800000000,1.2575900000,1.1690000000
November 1982,0.9800000000,33.0900000000,1.2421500000,1.1960000000
December 1982,0.9770000000,32.8500000000,1.2135300000,1.1530000000
January 1983,0.9790000000,31.4000000000,1.1848000000,1.1250000000
February 1983,0.9800000000,30.7600000000,1.1442600000,1.1050000000
March 1983,0.9810000000,28.4300000000,1.1162200000,1.0630000000
April 1983,0.9880000000,27.9500000000,1.1873400000,1.1600000000
May 1983,0.9920000000,28.5300000000,1.2300500000,1.1470000000
June 1983,0.9940000000,29.2300000000,1.2446200000,1.1540000000
July 1983,0.9980000000,28.7600000000,1.2530200000,1.1440000000
August 1983,1.0010000000,29.5000000000,1.2516500000,1.1500000000
September 1983,1.0040000000,29.5400000000,1.2370800000,1.1560000000
October 1983,1.0080000000,29.6700000000,1.2176700000,1.1470000000
November 1983,1.0110000000,29.0900000000,1.2002300000,1.1460000000
December 1983,1.0140000000,29.3000000000,1.1845800000,1.1380000000
January 1984,1.0210000000,28.8000000000,1.1713400000,1.1730000000
February 1984,1.0260000000,28.9100000000,1.1667200000,1.1700000000
March 1984,1.0290000000,28.9500000000,1.1737200000,1.1430000000
April 1984,1.0330000000,29.1100000000,1.1992700000,1.1410000000
May 1984,1.0350000000,29.2600000000,1.2071100000,1.1420000000
June 1984,1.0370000000,29.1900000000,1.1967500000,1.1380000000
July 1984,1.0410000000,29.0000000000,1.1772700000,1.1310000000
August 1984,1.0440000000,28.9200000000,1.1629100000,1.1860000000
September 1984,1.0470000000,28.7000000000,1.1663800000,1.1910000000
October 1984,1.0510000000,28.7900000000,1.1720200000,1.1850000000
November 1984,1.0530000000,28.7400000000,1.1665700000,1.1810000000
December 1984,1.0550000000,28.0200000000,1.1469500000,1.1760000000
January 1985,1.0570000000,27.4900000000,1.1031000000,1.1680000000
February 1985,1.0630000000,26.9900000000,1.0884400000,1.1480000000
March 1985,1.0680000000,27.2000000000,1.1225400000,1.1450000000
April 1985,1.0700000000,27.5900000000,1.1771900000,1.1630000000
May 1985,1.0720000000,27.6000000000,1.2020900000,1.1670000000
June 1985,1.0750000000,27.2500000000,1.2087900000,1.1520000000
July 1985,1.0770000000,26.5700000000,1.2073800000,1.1370000000
August 1985,1.0790000000,26.6100000000,1.1960200000,1.1350000000
September 1985,1.0810000000,26.5600000000,1.1794200000,1.1590000000
October 1985,1.0850000000,26.7900000000,1.1670000000,1.1880000000
November 1985,1.0900000000,27.1200000000,1.1665700000,1.2240000000
December 1985,1.0950000000,26.2100000000,1.1620000000,1.2270000000
January 1986,1.0990000000,24.9300000000,1.1492600000,1.1800000000
February 1986,1.0970000000,18.1100000000,1.0774000000,1.0360000000
March 1986,1.0910000000,14.2200000000,0.9439100000,0.9270000000
April 1986,1.0870000000,13.1500000000,0.8590600000,0.8950000000
May 1986,1.0900000000,13.1700000000,0.8929900000,0.8820000000
June 1986,1.0940000000,12.2500000000,0.9217800000,0.8440000000
July 1986,1.0950000000,10.9100000000,0.8541300000,0.7820000000
August 1986,1.0960000000,11.8700000000,0.8086500000,0.8100000000
September 1986,1.1000000000,12.8500000000,0.8221600000,0.8270000000
October 1986,1.1020000000,12.7800000000,0.7926700000,0.8130000000
November 1986,1.1040000000,13.4600000000,0.7792000000,0.8290000000
December 1986,1.1080000000,14.1700000000,0.7756400000,0.8410000000
January 1987,1.1140000000,16.4500000000,0.8160800000,0.8960000000
February 1987,1.1180000000,16.9800000000,0.8616400000,0.9010000000
March 1987,1.1220000000,17.2600000000,0.8746600000,0.8960000000
April 1987,1.1270000000,17.8900000000,0.9052300000,0.9010000000
May 1987,1.1300000000,18.2500000000,0.9110600000,0.9120000000
June 1987,1.1350000000,18.7100000000,0.9247900000,0.9220000000
July 1987,1.1380000000,19.2600000000,0.9354200000,0.9460000000
August 1987,1.1430000000,19.3200000000,0.9611900000,0.9590000000
September 1987,1.1470000000,18.5700000000,0.9526200000,0.9700000000
October 1987,1.1500000000,18.5300000000,0.9381900000,0.9730000000
November 1987,1.1540000000,18.1400000000,0.9347500000,0.9850000000
December 1987,1.1560000000,17.2000000000,0.9141300000,0.9770000000
January 1988,1.1600000000,15.4500000000,0.8873400000,0.9550000000
February 1988,1.1620000000,15.4300000000,0.8696700000,0.9320000000
March 1988,1.1650000000,14.7300000000,0.8666300000,0.9220000000
April 1988,1.1720000000,15.6200000000,0.9012100000,0.9340000000
May 1988,1.1750000000,15.9300000000,0.9251100000,0.9380000000
June 1988,1.1800000000,15.5000000000,0.9217800000,0.9190000000
July 1988,1.1850000000,14.8100000000,0.9314000000,0.9050000000
August 1988,1.1900000000,14.3200000000,0.9531700000,0.8990000000
September 1988,1.1950000000,13.8400000000,0.9365600000,0.8970000000
October 1988,1.1990000000,13.0500000000,0.9191200000,0.8850000000
November 1988,1.2030000000,12.6600000000,0.9076500000,0.8930000000
December 1988,1.2070000000,14.1100000000,0.8830200000,0.9180000000
January 1989,1.2120000000,16.0400000000,0.8722800000,0.9420000000
February 1989,1.2160000000,16.6100000000,0.8827100000,0.9440000000
March 1989,1.2220000000,17.7700000000,0.9027600000,0.9620000000
April 1989,1.2310000000,19.5900000000,1.0366900000,1.0080000000
May 1989,1.2370000000,19.0500000000,1.0896900000,0.9940000000
June 1989,1.2410000000,18.2700000000,1.0813400000,0.9660000000
July 1989,1.2450000000,17.9900000000,1.0568500000,0.9580000000
August 1989,1.2450000000,17.2300000000,1.0234100000,0.9540000000
September 1989,1.2480000000,17.6200000000,0.9917600000,0.9990000000
October 1989,1.2540000000,18.2900000000,0.9893700000,1.0260000000
November 1989,1.2590000000,18.3200000000,0.9578300000,1.0400000000
December 1989,1.2630000000,20.0500000000,0.9331900000,1.1310000000
January 1990,1.2750000000,20.5100000000,0.9967200000,1.2140000000
February 1990,1.2800000000,19.7800000000,0.9941100000,1.0680000000
March 1990,1.2860000000,18.9400000000,0.9860600000,1.0270000000
April 1990,1.2890000000,16.6600000000,1.0156200000,1.0200000000
May 1990,1.2910000000,16.0700000000,1.0314800000,1.0040000000
June 1990,1.2990000000,15.1500000000,1.0552500000,0.9750000000
July 1990,1.3050000000,16.5400000000,1.0488200000,0.9850000000
August 1990,1.3160000000,24.2600000000,1.1568900000,1.2050000000
September 1990,1.3250000000,29.8800000000,1.2577000000,1.3310000000
October 1990,1.3340000000,32.8800000000,1.3416200000,1.4360000000
November 1990,1.3370000000,30.1900000000,1.3371700000,1.4050000000
December 1990,1.3420000000,25.5600000000,1.3085200000,1.3610000000
January 1991,1.3470000000,22.3000000000,1.1800000000,1.2870000000
February 1991,1.3480000000,18.3000000000,1.0942500000,1.1850000000
March 1991,1.3480000000,17.5800000000,1.0400000000,1.0920000000
April 1991,1.3510000000,18.3200000000,1.0762000000,1.0770000000
May 1991,1.3560000000,18.3600000000,1.1257500000,1.0730000000
June 1991,1.3600000000,17.7800000000,1.1282500000,1.1170000000
July 1991,1.3620000000,18.1400000000,1.0956000000,1.0590000000
August 1991,1.3660000000,18.7100000000,1.1147500000,1.0960000000
September 1991,1.3700000000,19.0000000000,1.1092000000,1.1220000000
October 1991,1.3720000000,19.8600000000,1.0880000000,1.1420000000
November 1991,1.3780000000,19.3500000000,1.0990000000,1.1720000000
December 1991,1.3820000000,17.1700000000,1.0762000000,1.1240000000
January 1992,1.3830000000,16.1000000000,1.0220000000,1.0700000000
February 1992,1.3860000000,16.0000000000,1.0060000000,1.0580000000
March 1992,1.3910000000,16.3600000000,1.0126000000,1.0590000000
April 1992,1.3940000000,17.3700000000,1.0517500000,1.0800000000
May 1992,1.3970000000,18.7900000000,1.1072500000,1.1070000000
June 1992,1.4010000000,19.8300000000,1.1448000000,1.1270000000
July 1992,1.4050000000,19.7400000000,1.1365000000,1.1290000000
August 1992,1.4080000000,19.2500000000,1.1218000000,1.1230000000
September 1992,1.4110000000,19.2600000000,1.1215000000,1.1330000000
October 1992,1.4170000000,19.3400000000,1.1140000000,1.1500000000
November 1992,1.4210000000,18.4000000000,1.1112000000,1.1390000000
December 1992,1.4230000000,16.9400000000,1.0775000000,1.1120000000
January 1993,1.4280000000,16.8000000000,1.0617500000,1.0920000000
February 1993,1.4310000000,17.4100000000,1.0542500000,1.0870000000
March 1993,1.4330000000,17.8200000000,1.0522000000,1.1070000000
April 1993,1.4380000000,18.3500000000,1.0780000000,1.1040000000
May 1993,1.4420000000,17.8900000000,1.1004000000,1.1030000000
June 1993,1.4430000000,16.8000000000,1.0972500000,1.0940000000
July 1993,1.4450000000,15.8100000000,1.0777500000,1.0750000000
August 1993,1.4480000000,15.6400000000,1.0616000000,1.0640000000
September 1993,1.4500000000,15.3200000000,1.0495000000,1.1030000000
October 1993,1.4560000000,15.5900000000,1.0917500000,1.2170000000
November 1993,1.4600000000,14.0500000000,1.0664000000,1.1900000000
December 1993,1.4630000000,12.5600000000,1.0140000000,1.0960000000
January 1994,1.4630000000,12.9300000000,0.9984000000,1.0840000000
February 1994,1.4670000000,12.9000000000,1.0090000000,1.1120000000
March 1994,1.4710000000,13.1800000000,1.0077500000,1.1100000000
April 1994,1.4720000000,14.5400000000,1.0272500000,1.1070000000
May 1994,1.4750000000,15.7400000000,1.0474000000,1.1000000000
June 1994,1.4790000000,17.0400000000,1.0780000000,1.1030000000
July 1994,1.4840000000,17.5200000000,1.1057500000,1.1100000000
August 1994,1.4900000000,16.6600000000,1.1548000000,1.1230000000
September 1994,1.4930000000,15.9100000000,1.1437500000,1.1250000000
October 1994,1.4940000000,16.2700000000,1.1136000000,1.1220000000
November 1994,1.4980000000,16.4600000000,1.1157500000,1.1310000000
December 1994,1.5010000000,15.7800000000,1.0905000000,1.1130000000
January 1995,1.5050000000,16.5600000000,1.0818000000,1.0980000000
February 1995,1.5090000000,17.2100000000,1.0725000000,1.0880000000
March 1995,1.5120000000,17.2100000000,1.0720000000,1.0880000000
April 1995,1.5180000000,18.7000000000,1.1112500000,1.1040000000
May 1995,1.5210000000,18.5600000000,1.1784000000,1.1260000000
June 1995,1.5240000000,17.4300000000,1.1915000000,1.1200000000
July 1995,1.5260000000,16.5000000000,1.1538000000,1.1000000000
August 1995,1.5290000000,16.5400000000,1.1232500000,1.1050000000
September 1995,1.5310000000,16.7100000000,1.1107500000,1.1190000000
October 1995,1.5350000000,16.2900000000,1.0872000000,1.1150000000
November 1995,1.5370000000,16.5200000000,1.0622500000,1.1200000000
December 1995,1.5390000000,17.5300000000,1.0712500000,1.1300000000
January 1996,1.5470000000,17.4800000000,1.0904000000,1.1450000000
February 1996,1.5500000000,17.7700000000,1.0892500000,1.1450000000
March 1996,1.5550000000,19.9000000000,1.1370000000,1.1830000000
April 1996,1.5610000000,21.3300000000,1.2306000000,1.2750000000
May 1996,1.5640000000,20.1200000000,1.2791500000,1.2730000000
June 1996,1.5670000000,19.3200000000,1.2558000000,1.2010000000
July 1996,1.5700000000,19.6000000000,1.2272200000,1.1760000000
August 1996,1.5720000000,20.5300000000,1.2065000000,1.2010000000
September 1996,1.5770000000,22.0400000000,1.2021600000,1.2650000000
October 1996,1.5820000000,23.2200000000,1.2040000000,1.3230000000
November 1996,1.5870000000,22.6600000000,1.2322500000,1.3230000000
December 1996,1.5910000000,23.2200000000,1.2352000000,1.3090000000
January 1997,1.5940000000,23.0200000000,1.2362500000,1.2910000000
February 1997,1.5970000000,20.8800000000,1.2300000000,1.2800000000
March 1997,1.5980000000,19.1600000000,1.2050000000,1.2290000000
April 1997,1.5990000000,17.8300000000,1.1990000000,1.2120000000
May 1997,1.5990000000,18.5500000000,1.2002500000,1.1960000000
June 1997,1.6020000000,17.3500000000,1.1976000000,1.1730000000
July 1997,1.6040000000,17.4900000000,1.1742500000,1.1510000000
August 1997,1.6080000000,17.9600000000,1.2235000000,1.1650000000
September 1997,1.6120000000,17.8500000000,1.2314000000,1.1600000000
October 1997,1.6150000000,18.7300000000,1.1967500000,1.1830000000
November 1997,1.6170000000,17.8800000000,1.1707500000,1.1920000000
December 1997,1.6180000000,15.9500000000,1.1314000000,1.1100000000
January 1998,1.6200000000,14.3300000000,1.0862500000,1.1200000000
February 1998,1.6200000000,13.3200000000,1.0490000000,1.0840000000
March 1998,1.6200000000,12.3400000000,1.0168000000,1.0630000000
April 1998,1.6220000000,12.8100000000,1.0302500000,1.0670000000
May 1998,1.6260000000,12.6100000000,1.0635000000,1.0690000000
June 1998,1.6280000000,11.6100000000,1.0644000000,1.0410000000
July 1998,1.6320000000,11.5500000000,1.0552500000,1.0290000000
August 1998,1.6340000000,11.3400000000,1.0260000000,1.0070000000
September 1998,1.6350000000,12.7700000000,1.0092500000,1.0240000000
October 1998,1.6390000000,12.1100000000,1.0187500000,1.0390000000
November 1998,1.6410000000,10.9900000000,0.9954000000,1.0220000000
December 1998,1.6440000000,9.3900000000,0.9450000000,0.9730000000
January 1999,1.6470000000,10.1600000000,0.9390000000,0.9670000000
February 1999,1.6470000000,10.3300000000,0.9205000000,0.9590000000
March 1999,1.6480000000,12.1000000000,0.9820000000,0.9970000000
April 1999,1.6590000000,14.8200000000,1.1310000000,1.0790000000
May 1999,1.6600000000,15.5700000000,1.1306000000,1.0730000000
June 1999,1.6600000000,15.9100000000,1.1142500000,1.0740000000
July 1999,1.6670000000,18.0500000000,1.1575000000,1.1220000000
August 1999,1.6710000000,19.5600000000,1.2208000000,1.1720000000
September 1999,1.6780000000,21.6400000000,1.2555000000,1.2150000000
October 1999,1.6810000000,21.6200000000,1.2442500000,1.2280000000
November 1999,1.6840000000,23.1400000000,1.2514000000,1.2630000000
December 1999,1.6880000000,24.3500000000,1.2725000000,1.2920000000
January 2000,1.6930000000,25.2900000000,1.2888000000,1.3560000000
February 2000,1.7000000000,27.3900000000,1.3770000000,1.4610000000
March 2000,1.7100000000,27.7000000000,1.5162500000,1.4790000000
April 2000,1.7090000000,24.2900000000,1.4647500000,1.4220000000
May 2000,1.7120000000,26.3500000000,1.4868000000,1.4200000000
June 2000,1.7220000000,28.9100000000,1.6332500000,1.4210000000
July 2000,1.7270000000,28.0000000000,1.5510000000,1.4340000000
August 2000,1.7270000000,28.8000000000,1.4645000000,1.4660000000
September 2000,1.7360000000,30.5600000000,1.5502500000,1.6370000000
October 2000,1.7390000000,29.7100000000,1.5322000000,1.6370000000
November 2000,1.7420000000,30.0000000000,1.5172500000,1.6210000000
December 2000,1.7460000000,25.1900000000,1.4427500000,1.5650000000
January 2001,1.7560000000,24.4900000000,1.4472000000,1.5240000000
February 2001,1.7600000000,24.9700000000,1.4497500000,1.4920000000
March 2001,1.7610000000,23.0100000000,1.4092500000,1.3990000000
April 2001,1.7640000000,22.9900000000,1.5516000000,1.4220000000
May 2001,1.7730000000,24.6300000000,1.7017500000,1.4960000000
June 2001,1.7770000000,23.9500000000,1.6162500000,1.4820000000
July 2001,1.7740000000,22.7600000000,1.4206000000,1.3750000000
August 2001,1.7740000000,23.7700000000,1.4207500000,1.3900000000
September 2001,1.7810000000,22.5100000000,1.5215000000,1.4950000000
October 2001,1.7760000000,18.7600000000,1.3154000000,1.3500000000
November 2001,1.7750000000,16.0600000000,1.1705000000,1.2590000000
December 2001,1.7740000000,15.9500000000,1.0860000000,1.1680000000
January 2002,1.7770000000,17.0400000000,1.1072500000,1.1500000000
February 2002,1.7800000000,18.2400000000,1.1137500000,1.1520000000
March 2002,1.7850000000,22.2900000000,1.2492500000,1.2300000000
April 2002,1.7930000000,23.9800000000,1.3970000000,1.3090000000
May 2002,1.7950000000,24.4400000000,1.3917500000,1.3050000000
June 2002,1.7960000000,23.4500000000,1.3822500000,1.2860000000
July 2002,1.8000000000,24.9900000000,1.3970000000,1.2990000000
August 2002,1.8050000000,25.6800000000,1.3957500000,1.3300000000
September 2002,1.8080000000,27.1400000000,1.3996000000,1.4110000000
October 2002,1.8120000000,25.9900000000,1.4452500000,1.4620000000
November 2002,1.8150000000,23.6800000000,1.4190000000,1.4200000000
December 2002,1.8180000000,26.6800000000,1.3858000000,1.4280000000
January 2003,1.8260000000,30.3000000000,1.4575000000,1.4880000000
February 2003,1.8360000000,32.2300000000,1.6130000000,1.6540000000
March 2003,1.8390000000,29.2300000000,1.6930000000,1.7080000000
April 2003,1.8320000000,24.4800000000,1.5890000000,1.5330000000
May 2003,1.8290000000,25.1500000000,1.4972500000,1.4510000000
June 2003,1.8310000000,27.2200000000,1.4928000000,1.4240000000
July 2003,1.8370000000,27.9500000000,1.5125000000,1.4350000000
August 2003,1.8450000000,28.5000000000,1.6202500000,1.4850000000
September 2003,1.8510000000,25.6600000000,1.6788000000,1.4610000000
October 2003,1.8490000000,27.3200000000,1.5635000000,1.4810000000
November 2003,1.8500000000,27.4700000000,1.5120000000,1.4820000000
December 2003,1.8550000000,28.6300000000,1.4788000000,1.4900000000
January 2004,1.8630000000,30.1100000000,1.5717500000,1.5510000000
February 2004,1.8670000000,30.6900000000,1.6475000000,1.5820000000
March 2004,1.8710000000,32.1600000000,1.7360000000,1.6290000000
April 2004,1.8740000000,32.3400000000,1.7977500000,1.6920000000
May 2004,1.8820000000,35.6800000000,1.9834000000,1.7460000000
June 2004,1.8890000000,33.4500000000,1.9692500000,1.7110000000
July 2004,1.8910000000,35.8900000000,1.9112500000,1.7390000000
August 2004,1.8920000000,39.4600000000,1.8780000000,1.8330000000
September 2004,1.8980000000,40.4200000000,1.8697500000,1.9170000000
October 2004,1.9080000000,45.3600000000,1.9995000000,2.1340000000
November 2004,1.9170000000,39.8900000000,1.9794000000,2.1470000000
December 2004,1.9170000000,34.0700000000,1.8410000000,2.0090000000
January 2005,1.9160000000,37.5600000000,1.8308000000,1.9588000000
February 2005,1.9240000000,39.7200000000,1.9100000000,2.0267500000
March 2005,1.9310000000,45.7300000000,2.0792500000,2.2137500000
April 2005,1.9370000000,45.2500000000,2.2425000000,2.2917500000
May 2005,1.9360000000,43.1900000000,2.1612000000,2.1988000000
June 2005,1.9370000000,49.2800000000,2.1555000000,2.2897500000
July 2005,1.9490000000,52.7900000000,2.2900000000,2.3725000000
August 2005,1.9610000000,58.6700000000,2.4862000000,2.5000000000
September 2005,1.9880000000,58.7900000000,2.9032500000,2.8187500000
October 2005,1.9910000000,55.3100000000,2.7168000000,3.0950000000
November 2005,1.9810000000,49.9700000000,2.2567500000,2.5730000000
December 2005,1.9810000000,50.8500000000,2.1850000000,2.4427500000
January 2006,1.9930000000,55.8500000000,2.3156000000,2.4674000000
February 2006,1.9940000000,52.8000000000,2.2800000000,2.4752500000
March 2006,1.9970000000,55.3100000000,2.4247500000,2.5585000000
April 2006,2.0070000000,62.4100000000,2.7420000000,2.7280000000
May 2006,2.0130000000,64.3900000000,2.9068000000,2.8966000000
June 2006,2.0180000000,63.7900000000,2.8845000000,2.8975000000
July 2006,2.0290000000,67.9900000000,2.9806000000,2.9336000000
August 2006,2.0380000000,66.4500000000,2.9517500000,3.0450000000
September 2006,2.0280000000,57.2900000000,2.5550000000,2.7830000000
October 2006,2.0190000000,52.7000000000,2.2446000000,2.5192000000
November 2006,2.0200000000,52.7000000000,2.2292500000,2.5445000000
December 2006,2.0310000000,54.9700000000,2.3127500000,2.6102500000
January 2007,2.0343700000,49.5700000000,2.2398000000,2.4846000000
February 2007,2.0422600000,53.7700000000,2.2777500000,2.4882500000
March 2007,2.0528800000,56.3100000000,2.5627500000,2.6670000000
April 2007,2.0590400000,60.4500000000,2.8450000000,2.8338000000
May 2007,2.0675500000,61.5500000000,3.1460000000,2.7962500000
June 2007,2.0723400000,65.2400000000,3.0560000000,2.8077500000
July 2007,2.0760300000,70.7500000000,2.9646000000,2.8684000000
August 2007,2.0766700000,68.2800000000,2.7857500000,2.8690000000
September 2007,2.0854700000,72.3400000000,2.8032500000,2.9532500000
October 2007,2.0919000000,78.6100000000,2.8030000000,3.0746000000
November 2007,2.1083400000,85.5300000000,3.0800000000,3.3955000000
December 2007,2.1144500000,83.2100000000,3.0184000000,3.3406000000
January 2008,2.1217400000,84.8200000000,3.0427500000,3.3077500000
February 2008,2.1268700000,87.4100000000,3.0275000000,3.3770000000
March 2008,2.1344800000,96.9600000000,3.2440000000,3.8808000000
April 2008,2.1394200000,104.7200000000,3.4580000000,4.0835000000
May 2008,2.1520800000,116.5500000000,3.7657500000,4.4250000000
June 2008,2.1746300000,126.2200000000,4.0542000000,4.6768000000
July 2008,2.1901600000,127.7700000000,4.0615000000,4.7030000000
August 2008,2.1869000000,111.1900000000,3.7785000000,4.3017500000
September 2008,2.1887700000,96.3800000000,3.7026000000,4.0240000000
October 2008,2.1699500000,70.8400000000,3.0512500000,3.5760000000
November 2008,2.1315300000,49.1000000000,2.1470000000,2.8762500000
December 2008,2.1139800000,35.5900000000,1.6870000000,2.4490000000
January 2009,2.1193300000,36.8400000000,1.7882500000,2.2922500000
February 2009,2.1270500000,38.5600000000,1.9227500000,2.1952500000
March 2009,2.1249500000,45.9600000000,1.9586000000,2.0920000000
April 2009,2.1270900000,49.5800000000,2.0490000000,2.2197500000
May 2009,2.1302200000,56.7700000000,2.2655000000,2.2265000000
June 2009,2.1479000000,66.3700000000,2.6306000000,2.5292000000
July 2009,2.1472600000,63.4600000000,2.5265000000,2.5400000000
August 2009,2.1544500000,68.0900000000,2.6164000000,2.6338000000
September 2009,2.1586100000,67.6500000000,2.5540000000,2.6260000000
October 2009,2.1650900000,72.0600000000,2.5512500000,2.6720000000
November 2009,2.1723400000,74.4000000000,2.6514000000,2.7922000000
December 2009,2.1734700000,72.6700000000,2.6072500000,2.7445000000
January 2010,2.1746600000,75.0700000000,2.7150000000,2.8447500000
February 2010,2.1725100000,73.7300000000,2.6440000000,2.7845000000
March 2010,2.1730500000,76.7700000000,2.7716000000,2.9148000000
April 2010,2.1737600000,80.0300000000,2.8482500000,3.0590000000
May 2010,2.1729900000,71.1500000000,2.8362000000,3.0688000000
June 2010,2.1728500000,71.9100000000,2.7315000000,2.9477500000
July 2010,2.1767700000,73.2700000000,2.7287500000,2.9112500000
August 2010,2.1801200000,73.5200000000,2.7298000000,2.9586000000
September 2010,2.1828100000,73.1500000000,2.7050000000,2.9462500000
October 2010,2.1902400000,76.9000000000,2.8005000000,3.0515000000
November 2010,2.1954400000,79.9200000000,2.8590000000,3.1400000000
December 2010,2.2043700000,85.5900000000,2.9930000000,3.2425000000
January 2011,2.2108200000,87.6100000000,3.0948000000,3.3878000000
February 2011,2.2181600000,91.4200000000,3.2110000000,3.5840000000
March 2011,2.2295500000,102.4300000000,3.5612500000,3.9045000000
April 2011,2.2405600000,113.0200000000,3.7995000000,4.0642500000
May 2011,2.2491800000,107.9800000000,3.9062000000,4.0468000000
June 2011,2.2499000000,105.3800000000,3.6800000000,3.9330000000
July 2011,2.2555300000,105.9400000000,3.6502500000,3.9052500000
August 2011,2.2614900000,99.0000000000,3.6394000000,3.8598000000
September 2011,2.2667400000,101.0500000000,3.6112500000,3.8372500000
October 2011,2.2676100000,101.9900000000,3.4480000000,3.7976000000
November 2011,2.2713600000,107.6700000000,3.3837500000,3.9620000000
December 2011,2.2709300000,106.5200000000,3.2657500000,3.8610000000
January 2012,2.2766600000,105.2500000000,3.3800000000,3.8326000000
February 2012,2.2813800000,108.0800000000,3.5792500000,3.9525000000
March 2012,2.2873200000,111.0000000000,3.8517500000,4.1265000000
April 2012,2.2918400000,108.5400000000,3.9004000000,4.1150000000
May 2012,2.2888400000,103.2600000000,3.7322500000,3.9785000000
June 2012,2.2882500000,92.1800000000,3.5387500000,3.7585000000
July 2012,2.2877900000,92.9900000000,3.4392000000,3.7210000000
August 2012,2.2995200000,97.0400000000,3.7215000000,3.9825000000
September 2012,2.3108600000,101.8200000000,3.8485000000,4.1200000000
October 2012,2.3165200000,100.9200000000,3.7456000000,4.0938000000
November 2012,2.3119000000,98.0700000000,3.4517500000,4.0000000000
December 2012,2.3109900000,93.7000000000,3.3104000000,3.9608000000
January 2013,2.3132100000,97.9100000000,3.3185000000,3.9085000000
February 2013,2.3259900000,99.2300000000,3.6700000000,4.1105000000
March 2013,2.3207500000,99.1100000000,3.7112500000,4.0677500000
April 2013,2.3170700000,96.4500000000,3.5702000000,3.9300000000
May 2013,2.3212400000,98.5000000000,3.6147500000,3.8702500000
June 2013,2.3286000000,97.1700000000,3.6260000000,3.8492500000
July 2013,2.3325200000,101.5600000000,3.5910000000,3.8660000000
August 2013,2.3343300000,104.1600000000,3.5737500000,3.9045000000
September 2013,2.3374300000,103.4900000000,3.5324000000,3.9608000000
October 2013,2.3378200000,97.8400000000,3.3437500000,3.8847500000
November 2013,2.3403300000,90.3600000000,3.2427500000,3.8387500000
December 2013,2.3459400000,90.5700000000,3.2764000000,3.8818000000
January 2014,2.3493300000,89.6300000000,3.3125000000,3.8932500000
February 2014,2.3516900000,96.0400000000,3.3562500000,3.9835000000
March 2014,2.3564000000,97.0400000000,3.5332000000,4.0006000000
April 2014,2.3625400000,97.3000000000,3.6607500000,3.9642500000
May 2014,2.3708300000,98.4400000000,3.6727500000,3.9427500000
June 2014,2.3769300000,99.9900000000,3.6916000000,3.9062000000
July 2014,2.3790900000,96.4500000000,3.6112500000,3.8835000000
August 2014,2.3742800000,93.0360000000,3.4865000000,3.8380000000
September 2014,2.3822560741,89.7100000000,3.4062000000,3.7924000000
October 2014,2.3857960000,87.5000000000,3.3063290000,3.7079870000
November 2014,2.3892460000,87.5000000000,3.2364920000,3.6610050000
December 2014,2.3927380000,87.5000000000,3.1355360000,3.6755600000
January 2015,2.3965460000,88.5000000000,3.1633110000,3.7042920000
February 2015,2.3999180000,89.5000000000,3.2569220000,3.7428870000
March 2015,2.4031280000,89.5000000000,3.3738550000,3.7798880000
April 2015,2.4058970000,90.5000000000,3.4708960000,3.8288410000
May 2015,2.4089920000,90.5000000000,3.5319720000,3.8334940000
June 2015,2.4121340000,92.5000000000,3.5427610000,3.8369180000
July 2015,2.4153450000,94.5000000000,3.5075540000,3.8160420000
August 2015,2.4185640000,93.5000000000,3.4667570000,3.7982140000
September 2015,2.4218140000,92.5000000000,3.4309240000,3.7961790000
October 2015,2.4251140000,90.5000000000,3.3419360000,3.8083870000
November 2015,2.4284100000,90.5000000000,3.2547430000,3.7993110000
December 2015,2.4317210000,90.5000000000,3.1693070000,3.7820760000
